latitude,longitude,address,poi_name,poi_type,region,qualifying_rules,confidence,nearest_pharmacy_km,nearest_pharmacy_name,catchment_pop,effective_pop,pharmacy_count_5km,pharmacy_count_10km,market_share,est_annual_scripts,gp_fte,is_remote,growth_indicator,growth_details,est_annual_revenue,est_annual_costs,est_annual_profit,total_investment,roi,payback_years,npv_10yr,worst_revenue,worst_profit,worst_roi,worst_npv,best_revenue,best_profit,best_roi,best_npv
-26.134566149999998,126.5797383,"Fourth Street, Warburton, Shire Of Ngaanyatjarraku, Western Australia, Australia",Warburton Store,supermarket,WA,"Item 131, Item 134A",90%,601.09,Leonora Pharmacy,511,511,0,0,0.8,5314,0.0,True,,,134904.0,418432.8,-283528.8,657500,-0.4312,999.0,-2535966.48,94432.8,-354185.6,-0.5387,-3004089.78,175375.2,-226711.18,-0.3448,-2159532.05
-26.5951423,120.2280643,,Ngangganawili Aboriginal Health Service,hospital,WA,"Item 131, Item 134A",90%,172.24,Meekatharra Pharmacy,845,845,0,0,0.8,8788,0.0,True,,,223080.0,480156.0,-257076.0,657500,-0.391,999.0,-2360708.46,156156.0,-342149.58,-0.5204,-2924347.38,290004.0,-184298.52,-0.2803,-1878535.02
-21.886916,120.1088301,"Nullagine Health Clinic, 10, Cooke Street, Irrungadji, Nullagine, Shire of East Pilbara, Western Australia, 6758, Australia",Nullagine Health Clinic,gp,WA,"Item 131, Item 134A",90%,167.98,Boulevard Pharmacy,647,647,0,0,0.8,6728,0.0,True,,,170808.0,443565.6,-272757.6,657500,-0.4148,999.0,-2464603.93,119565.6,-349284.71,-0.5312,-2971619.82,222050.4,-209441.35,-0.3185,-2045114.1
-16.4266949,126.4309519,"Gibb River Store, Gibb River-Station Road, Gibb, Ngallagunda, Shire Of Wyndham-East Kimberley, Western Australia, Australia",Gibb River Store,supermarket,WA,"Item 131, Item 134A",90%,216.76,Kimberley Pharmacy Services (Fitzroy Valley),500,500,0,0,0.8,5200,0.0,True,,,132000.0,416400.0,-284400.0,657500,-0.4325,999.0,-2541738.45,92400.0,-354582.0,-0.5393,-3006716.03,171600.0,-228108.0,-0.3469,-2168786.45
-25.0029532,128.2867997,,Warakurna Health Clinic,hospital,WA,"Item 131, Item 134A",90%,584.47,Territory Pharmacy Alice Springs,185,185,0,0,0.8,1924,0.0,True,,,48840.0,358188.0,-309348.0,657500,-0.4705,999.0,-2707026.71,34188.0,-365933.34,-0.5566,-3081922.19,63492.0,-268107.96,-0.4078,-2433798.62
-20.1026248,127.594643,"Corporate Office - Store, Road 3, Sturt Creek, Mulan, Shire of Halls Creek, Western Australia, Australia",Corporate Office - Store,supermarket,WA,"Item 131, Item 134A",90%,208.98,Halls Creek Pharmacy,500,500,0,0,0.8,5200,0.0,True,,,132000.0,416400.0,-284400.0,657500,-0.4325,999.0,-2541738.45,92400.0,-354582.0,-0.5393,-3006716.03,171600.0,-228108.0,-0.3469,-2168786.45
-20.1420712,127.98280135,"Balgo Community Office, Wirri Street, Tanami, Balgo, Shire of Halls Creek, Western Australia, Australia",Balgo Store,supermarket,WA,"Item 131, Item 134A",90%,215.80,Halls Creek Pharmacy,472,472,0,0,0.8,4908,0.0,True,,,124608.0,411225.6,-286617.6,657500,-0.4359,999.0,-2556430.74,87225.6,-355591.01,-0.5408,-3013401.02,161990.4,-231663.55,-0.3523,-2192343.08
-28.064766699999996,117.848477,"IGA Mount Magnet, 36, Hepburn Street, Mount Magnet, Shire Of Mount Magnet, Western Australia, 6638, Australia",IGA Mount Magnet,supermarket,WA,"Item 131, Item 133, Item 134A",90%,175.82,Meekatharra Pharmacy,576,576,0,0,0.8,5990,0.0,True,,,152064.0,430444.8,-278380.8,657500,-0.4234,999.0,-2501859.38,106444.8,-351843.26,-0.5351,-2988571.05,197683.2,-218457.22,-0.3323,-2104847.0
-16.9810617,122.6650396,"Beagle Bay Community Store, Bishop Place, Dampier Peninsula, Beagle Bay, Shire Of Broome, Western Australia, 6725, Australia",Beagle Bay Community Store,supermarket,WA,"Item 131, Item 134A",90%,108.66,Kimberley Pharmacy Services (Derby),907,907,0,0,0.8,9432,0.0,True,,,239448.0,491613.6,-252165.6,657500,-0.3835,999.0,-2328175.53,167613.6,-339915.35,-0.517,-2909544.9,311282.4,-176425.51,-0.2683,-1826373.89
-26.0668658,128.9308486,"Giles Place, Irrunytju, Shire Of Ngaanyatjarraku, Western Australia, Australia",Store,supermarket,WA,"Item 131, Item 134A",90%,561.31,Territory Pharmacy Alice Springs,157,157,0,0,0.8,1632,0.0,True,,,41448.0,353013.6,-311565.6,657500,-0.4739,999.0,-2721719.0,29013.6,-366942.35,-0.5581,-3088607.18,53882.4,-271663.51,-0.4132,-2457355.26
-21.6392644,116.3270047,,Pannawonica Medical Center,hospital,WA,"Item 131, Item 134A",90%,111.08,Pharmacy 777 Tambrey,685,685,0,0,0.8,7124,0.0,True,,,180840.0,450588.0,-269748.0,657500,-0.4103,999.0,-2444664.4,126588.0,-347915.34,-0.5291,-2962547.34,235092.0,-204615.96,-0.3112,-2013144.37
-15.485668,128.1192082,,Wyndham Supermarket,supermarket,WA,Item 131,70%,73.83,Amcal+ Pharmacy Kununurra,845,845,0,0,0.8,8788,0.0,True,,,223080.0,480156.0,-257076.0,657500,-0.391,999.0,-2360708.46,156156.0,-342149.58,-0.5204,-2924347.38,290004.0,-184298.52,-0.2803,-1878535.02
-15.4776236,128.1273182,,Wyndham Hospital,hospital,WA,Item 131,70%,73.45,Amcal+ Pharmacy Kununurra,845,845,0,0,0.8,8788,0.0,True,,,223080.0,480156.0,-257076.0,657500,-0.391,999.0,-2360708.46,156156.0,-342149.58,-0.5204,-2924347.38,290004.0,-184298.52,-0.2803,-1878535.02
-18.6855103,121.7767184,,Bidyadanga Health Centre,gp,WA,"Item 131, Item 134A",90%,93.43,Kimberley Pharmacy Services (Broome),593,593,0,0,0.8,6167,0.0,True,,,156552.0,433586.4,-277034.4,657500,-0.4213,999.0,-2492939.06,109586.4,-351230.65,-0.5342,-2984512.31,203517.6,-216298.49,-0.329,-2090544.76
-28.626606,122.3996233,,Laverton Hospital,hospital,WA,"Item 131, Item 134A",90%,108.04,Leonora Pharmacy,507,507,0,0,0.8,5272,0.0,True,,,133848.0,417693.6,-283845.6,657500,-0.4317,999.0,-2538065.38,93693.6,-354329.75,-0.5389,-3005044.78,174002.4,-227219.11,-0.3456,-2162897.29
-16.4464744,123.0599814,"Bardi Ardyaloon Store, Ardyaloon Street, Dampier Peninsula, Ardyaloon, Shire Of Broome, Western Australia, Australia",Bardi Ardyaloon Store,supermarket,WA,"Item 131, Item 134A",90%,113.14,Kimberley Pharmacy Services (Derby),465,465,0,0,0.8,4836,0.0,True,,,122760.0,409932.0,-287172.0,657500,-0.4368,999.0,-2560103.82,85932.0,-355843.26,-0.5412,-3015072.27,159588.0,-232552.44,-0.3537,-2198232.24
-33.5574885,115.5629979,,CAPEL Child Health Clinic,gp,WA,"Item 130, Item 131",75%,17.46,Boyanup Pharmacy,2920,2920,0,0,0.8,30368,0.0,True,,,770880.0,863616.0,-92736.0,657500,-0.141,999.0,-1271904.84,539616.0,-267374.88,-0.4067,-2428941.74,1002144.0,79193.28,0.1204,-132819.89
-33.5535182,115.5637124,,Capel Fresh IGA,supermarket,WA,"Item 130, Item 131, Item 133",75%,17.20,Boyanup Pharmacy,2920,2920,0,0,0.8,30368,0.0,True,,,770880.0,863616.0,-92736.0,657500,-0.141,999.0,-1271904.84,539616.0,-267374.88,-0.4067,-2428941.74,1002144.0,79193.28,0.1204,-132819.89
-27.9132586,120.6977621,,BHP Leinster Medical Centre,hospital,WA,"Item 131, Item 134A",90%,124.33,Leonora Pharmacy,395,395,0,0,0.8,4108,0.0,True,,,104280.0,396996.0,-292716.0,657500,-0.4452,999.0,-2596834.54,72996.0,-358365.78,-0.545,-3031784.75,135564.0,-241441.32,-0.3672,-2257123.84
-30.8941224,116.7247833,,Wongan Hills Health Service,hospital,WA,Item 131,70%,46.02,Goomalling Pharmacy,725,725,0,0,0.8,7540,0.0,True,,,191400.0,457980.0,-266580.0,657500,-0.4054,999.0,-2423675.41,133980.0,-346473.9,-0.527,-2952997.35,248820.0,-199536.6,-0.3035,-1979492.03
-31.995862,115.5405252,,Rottnest General Store,supermarket,WA,Item 131,70%,20.33,Leighton Beach Drive-In Pharmacy,1500,1500,0,0,0.8,15600,0.0,True,,,396000.0,601200.0,-205200.0,657500,-0.3121,999.0,-2017013.82,277200.0,-318546.0,-0.4845,-2767966.32,514800.0,-101124.0,-0.1538,-1327477.95
-30.9600365,121.1644984,,Coolgardie Health Centre,hospital,WA,Item 131,70%,36.78,Boulder Pharmacy,763,763,0,0,0.8,7935,0.0,True,,,201432.0,465002.4,-263570.4,657500,-0.4009,999.0,-2403735.88,141002.4,-345104.53,-0.5249,-2943924.86,261861.6,-194711.21,-0.2961,-1947522.31
-30.9544584,121.169181,,Morans General store,supermarket,WA,"Item 131, Item 133",70%,36.08,Boulder Pharmacy,763,763,0,0,0.8,7935,0.0,True,,,201432.0,465002.4,-263570.4,657500,-0.4009,999.0,-2403735.88,141002.4,-345104.53,-0.5249,-2943924.86,261861.6,-194711.21,-0.2961,-1947522.31
-28.539757,115.5119191,,unkown (minimarket),supermarket,WA,Item 131,70%,85.43,Optimal Pharmacy Plus Sunset Beach,312,312,0,0,0.8,3244,0.0,True,,,82368.0,381657.6,-299289.6,657500,-0.4552,999.0,-2640386.68,57657.6,-361356.77,-0.5496,-3051600.98,107078.4,-251980.99,-0.3832,-2326952.44
-28.5359855,115.5098174,,Mullewa Health Service,hospital,WA,Item 131,70%,85.33,Optimal Pharmacy Plus Sunset Beach,312,312,0,0,0.8,3244,0.0,True,,,82368.0,381657.6,-299289.6,657500,-0.4552,999.0,-2640386.68,57657.6,-361356.77,-0.5496,-3051600.98,107078.4,-251980.99,-0.3832,-2326952.44
-27.9945748,122.8960118,"Cosmo Newberry Clinic, Tjurnmu Road, Cosmo Newbery, Shire Of Laverton, Western Australia, Australia",Cosmo Newberry Clinic,gp,WA,"Item 131, Item 134A",90%,182.16,Leonora Pharmacy,143,143,0,0,0.8,1487,0.0,True,,,37752.0,350426.4,-312674.4,657500,-0.4756,999.0,-2729065.15,26426.4,-367446.85,-0.5589,-3091949.68,49077.6,-273441.29,-0.4159,-2469133.58
-31.6763999,128.8887025,"Eucla Health Centre, Patupis Street, Eucla, Shire Of Dundas, Western Australia, Australia",Eucla Health Centre,gp,WA,"Item 131, Item 134A",90%,454.28,Far West Pharmacy Ceduna,53,53,0,0,0.8,551,0.0,True,,,13992.0,333794.4,-319802.4,657500,-0.4864,999.0,-2776290.36,9794.4,-370690.09,-0.5638,-3113437.15,18189.6,-284869.85,-0.4333,-2544851.34
-32.44924386666667,118.86372456666668,,Hyden IGA,supermarket,WA,"Item 131, Item 133, Item 134",70%,61.41,Narembeen Pharmacy,377,377,0,0,0.8,3920,0.0,True,,,99528.0,393669.6,-294141.6,657500,-0.4474,999.0,-2606279.58,69669.6,-359014.43,-0.546,-3036082.25,129386.4,-243727.03,-0.3707,-2272267.39
-19.555925100000003,127.66070895,"Luda Road, Sturt Creek, Billiluna, Shire of Halls Creek, Western Australia, Australia",Billiluna Store,supermarket,WA,"Item 131, Item 134A",90%,147.97,Halls Creek Pharmacy,150,150,0,0,0.8,1560,0.0,True,,,39600.0,351720.0,-312120.0,657500,-0.4747,999.0,-2725392.08,27720.0,-367194.6,-0.5585,-3090278.43,51480.0,-272552.4,-0.4145,-2463244.42
-18.7941306,128.6150832,,Yura Yungi Medical Clinic,gp,WA,"Item 131, Item 134A",90%,118.15,Halls Creek Pharmacy,165,165,0,0,0.8,1716,0.0,True,,,43560.0,354492.0,-310932.0,657500,-0.4729,999.0,-2717521.21,30492.0,-366654.06,-0.5576,-3086697.18,56628.0,-270647.64,-0.4116,-2450624.79
-33.5412671,118.1486847,,124 Nyabing Store,supermarket,WA,Item 131,70%,45.83,Gnowangerup Pharmacy,296,296,0,0,0.8,3078,0.0,True,,,78144.0,378700.8,-300556.8,657500,-0.4571,999.0,-2648782.28,54700.8,-361933.34,-0.5505,-3055420.97,101587.2,-254012.74,-0.3863,-2340413.38
-32.6689164,118.155206,,IGA Local Grocer,supermarket,WA,"Item 131, Item 133",70%,45.82,Corrigin Pharmacy & Health Food Centre,294,294,0,0,0.8,3057,0.0,True,,,77616.0,378331.2,-300715.2,657500,-0.4574,999.0,-2649831.73,54331.2,-362005.42,-0.5506,-3055898.47,100900.8,-254266.7,-0.3867,-2342096.0
-29.1903298,115.4417385,,Mingenew IGA,supermarket,WA,"Item 131, Item 133",70%,49.28,Sal's Pharmacy,249,249,0,0,0.8,2589,0.0,True,,,65736.0,370015.2,-304279.2,657500,-0.4628,999.0,-2673444.34,46015.2,-363627.04,-0.553,-3066642.21,85456.8,-259980.98,-0.3954,-2379954.88
-25.794013,113.7191705,,Supermarket,supermarket,WA,Item 131,70%,23.67,Shark Bay Pharmacy,500,500,0,0,0.8,5200,0.0,True,,,132000.0,416400.0,-284400.0,657500,-0.4325,999.0,-2541738.45,92400.0,-354582.0,-0.5393,-3006716.03,171600.0,-228108.0,-0.3469,-2168786.45
-30.4506327,117.8633641,,Beacon General Store Co-Op,supermarket,WA,Item 131,70%,73.54,Unknown Pharmacy,160,160,0,0,0.8,1664,0.0,True,,,42240.0,353568.0,-311328.0,657500,-0.4735,999.0,-2720144.83,29568.0,-366834.24,-0.5579,-3087890.93,54912.0,-271282.56,-0.4126,-2454831.33
-32.0000778,115.9847958,,Aldi,supermarket,WA,Item 133,70%,2.33,Priceline Carousel,1071946,50000,13,81,0.2,130000,0.0,False,,,3300000.0,2729000.0,571000.0,657500,0.8684,1.15,3125552.59,2310000.0,-31400.0,-0.0478,-865534.77,4290000.0,1210200.0,1.8406,7360451.4
-30.5039781,115.066037,,Cervantes Health Centre,hospital,WA,Item 131,70%,22.46,Jurien Pharmacy,480,480,0,0,0.8,4992,0.0,True,,,126720.0,412704.0,-285984.0,657500,-0.435,999.0,-2552232.95,88704.0,-355302.72,-0.5404,-3011491.03,164736.0,-230647.68,-0.3508,-2185612.62
-32.368673,117.0107759,,IGA Local Grocer - Nourish Brookton,supermarket,WA,"Item 131, Item 133",70%,19.69,Pingelly Pharmacy,532,532,0,0,0.8,5532,0.0,True,,,140448.0,422313.6,-281865.6,657500,-0.4287,999.0,-2524947.27,98313.6,-353428.85,-0.5375,-2999076.04,182582.4,-224044.51,-0.3408,-2141864.57
-30.9165437,118.2072057,,Mukinbudin Healthcare Centre,gp,WA,Item 131,70%,34.59,Unknown Pharmacy,284,284,0,0,0.8,2953,0.0,True,,,74976.0,376483.2,-301507.2,657500,-0.4586,999.0,-2655078.97,52483.2,-362365.78,-0.5511,-3058285.97,97468.8,-255536.54,-0.3886,-2350509.08
-32.4890447,118.2655506,,Kondinin Hospital & Aged Care,hospital,WA,Item 131,70%,40.60,Corrigin Pharmacy & Health Food Centre,226,226,0,0,0.8,2350,0.0,True,,,59664.0,365764.8,-306100.8,657500,-0.4656,999.0,-2685513.0,41764.8,-364455.86,-0.5543,-3072133.45,77563.2,-262901.62,-0.3999,-2399304.97
-33.3144361,117.7421943,,Foodworks Dumbleyung General Store,supermarket,WA,"Item 131, Item 133",70%,37.04,Wagin Pharmacy,238,238,0,0,0.8,2475,0.0,True,,,62832.0,367982.4,-305150.4,657500,-0.4641,999.0,-2679216.31,43982.4,-364023.43,-0.5536,-3069268.46,81681.6,-261377.81,-0.3975,-2389209.27
-33.3101989,117.740287,,Dumbleyung Health Service,hospital,WA,Item 131,70%,36.86,Wagin Pharmacy,238,238,0,0,0.8,2475,0.0,True,,,62832.0,367982.4,-305150.4,657500,-0.4641,999.0,-2679216.31,43982.4,-364023.43,-0.5536,-3069268.46,81681.6,-261377.81,-0.3975,-2389209.27
-33.09412438,119.02465134000002,,Newdegate Groicer and Cafe,supermarket,WA,"Item 130, Item 131, Item 133",75%,52.43,Lake Grace Community Pharmacy,167,167,0,0,0.8,1736,0.0,True,,,44088.0,354861.6,-310773.6,657500,-0.4727,999.0,-2716471.76,30861.6,-366581.99,-0.5575,-3086219.68,57314.4,-270393.67,-0.4112,-2448942.17
-30.824989025,117.48283825,,Koorda IGA,supermarket,WA,"Item 130, Item 131, Item 133",75%,40.70,Happy Pill Pharmacy,213,213,0,0,0.8,2215,0.0,True,,,56232.0,363362.4,-307130.4,657500,-0.4671,999.0,-2692334.42,39362.4,-364924.33,-0.555,-3075237.2,73101.6,-264552.41,-0.4024,-2410241.98
-30.3645672,117.1181985,,IGA Express Local Grocer,supermarket,WA,Item 131,70%,44.84,TerryWhite Chemmart Dalwallinu,187,187,0,0,0.8,1944,0.0,True,,,49368.0,358557.6,-309189.6,657500,-0.4703,999.0,-2705977.26,34557.6,-365861.27,-0.5564,-3081444.69,64178.4,-267853.99,-0.4074,-2432116.0
-29.8816847,116.0229592,,Family Shopping Centre,supermarket,WA,Item 131,70%,46.12,Sal's Pharmacy,176,176,0,0,0.8,1830,0.0,True,,,46464.0,356524.8,-310060.8,657500,-0.4716,999.0,-2711749.23,32524.8,-366257.66,-0.557,-3084070.94,60403.2,-269250.82,-0.4095,-2441370.4
-31.1948727,117.0311121,,Tin Dog Grocer,supermarket,WA,Item 131,70%,22.51,Goomalling Pharmacy,357,357,0,0,0.8,3712,0.0,True,,,94248.0,389973.6,-295725.6,657500,-0.4498,999.0,-2616774.08,65973.6,-359735.15,-0.5471,-3040857.24,122522.4,-246266.71,-0.3746,-2289093.56
-33.3368816,116.7427284,,Fleay's Store,supermarket,WA,Item 131,70%,36.67,Williams Pharmacy,194,194,0,0,0.8,2017,0.0,True,,,51216.0,359851.2,-308635.2,657500,-0.4694,999.0,-2702304.19,35851.2,-365609.02,-0.5561,-3079773.44,66580.8,-266965.1,-0.406,-2426226.85
-34.6351705,116.1229411,,Northcliffe Nursing Post,gp,WA,Item 131,70%,22.61,Pemberton Pharmacy,300,300,0,0,0.8,3120,0.0,True,,,79200.0,379440.0,-300240.0,657500,-0.4566,999.0,-2646683.38,55440.0,-361789.2,-0.5502,-3054465.97,102960.0,-253504.8,-0.3856,-2337048.14
-29.6881724,115.8861433,,Carnamah Medical & Allied Health Centre,gp,WA,Item 131,70%,20.88,Sal's Pharmacy,314,314,0,0,0.8,3265,0.0,True,,,82896.0,382027.2,-299131.2,657500,-0.455,999.0,-2639337.24,58027.2,-361284.7,-0.5495,-3051123.48,107764.8,-251727.02,-0.3829,-2325269.83
-32.7141732,116.0622492,,IGA,supermarket,WA,"Item 131, Item 133",70%,19.59,Amcal Waroona Pharmacy,332,332,0,0,0.8,3452,0.0,True,,,87648.0,385353.6,-297705.6,657500,-0.4528,999.0,-2629892.19,61353.6,-360636.05,-0.5485,-3046825.98,113942.4,-249441.31,-0.3794,-2310126.27
-29.439461,116.2861936,,Perenjori Medical Centre,gp,WA,Item 131,70%,36.90,Morawa Pharmacy,176,176,0,0,0.8,1830,0.0,True,,,46464.0,356524.8,-310060.8,657500,-0.4716,999.0,-2711749.23,32524.8,-366257.66,-0.557,-3084070.94,60403.2,-269250.82,-0.4095,-2441370.4
-20.7743055,117.1464062,,Roebourne Supermarket,supermarket,WA,Item 131,85%,12.79,Clinicare Pharmacy Wickham,864,864,0,0,0.8,8985,0.0,True,,,228096.0,483667.2,-255571.2,657500,-0.3887,999.0,-2350738.69,159667.2,-341464.9,-0.5193,-2919811.14,296524.8,-181885.82,-0.2766,-1862550.15
-20.776496,117.1435435,,Roebourne Hospital,hospital,WA,Item 131,85%,13.16,Clinicare Pharmacy Wickham,762,762,0,0,0.8,7924,0.0,True,,,201168.0,464817.6,-263649.6,657500,-0.401,999.0,-2404260.6,140817.6,-345140.57,-0.5249,-2944163.61,261518.4,-194838.19,-0.2963,-1948363.62
-31.8269276,115.8783637,,The Market Place Ballajura IGA,supermarket,WA,Item 133,65%,1.08,Summer Lakes Pharmacy,859999,50000,18,89,0.2,130000,0.0,False,,,3300000.0,2729000.0,571000.0,657500,0.8684,1.15,3125552.59,2310000.0,-31400.0,-0.0478,-865534.77,4290000.0,1210200.0,1.8406,7360451.4
-32.0698,115.9279,"Lydiard Retreat, Canning Vale, City of Gosnells, Western Australia, 6155, Australia",Canning Vale Medical Centre,medical_centre,WA,Item 136,95%,0.89,Pharmacy 777 Canning Vale,882346,50000,20,96,0.2,130000,8.0,False,,,3600000.0,2939000.0,661000.0,657500,1.0053,0.99,3721830.58,2520000.0,9550.0,0.0145,-594228.28,4680000.0,1354500.0,2.0601,8316483.78
-31.9951685,116.0111658,,Edinburgh Road Shopping Centre,shopping_centre,WA,Item 134,55%,0.73,Forrestfield Pharmacy,802597,50000,8,69,0.2,130000,0.0,False,,,3300000.0,2729000.0,571000.0,657500,0.8684,1.15,3125552.59,2310000.0,-31400.0,-0.0478,-865534.77,4290000.0,1210200.0,1.8406,7360451.4
-32.5929491,117.6255539,,Lake Yealering Emporium,supermarket,WA,Item 131,70%,37.40,Corrigin Pharmacy & Health Food Centre,104,104,0,0,0.8,1081,0.0,True,,,27456.0,343219.2,-315763.2,657500,-0.4802,999.0,-2749529.41,19219.2,-368852.26,-0.561,-3101260.92,35692.8,-278393.66,-0.4234,-2501944.61
-33.965459,118.488139,,Ongerup General Store,supermarket,WA,Item 131,70%,39.77,Jerramungup Pharmacy Amcal,93,93,0,0,0.8,967,0.0,True,,,24552.0,341186.4,-316634.4,657500,-0.4816,999.0,-2755301.38,17186.4,-369248.65,-0.5616,-3103887.16,31917.6,-279790.49,-0.4255,-2511199.0
-32.0668,115.8364,"90, South Street, Murdoch, City of Melville, Western Australia, 6150, Australia",Murdoch Medical Centre,medical_centre,WA,Item 136,95%,0.76,Slade Pharmacy Murdoch,1096273,50000,28,94,0.2,130000,8.0,False,,,3600000.0,2939000.0,661000.0,657500,1.0053,0.99,3721830.58,2520000.0,9550.0,0.0145,-594228.28,4680000.0,1354500.0,2.0601,8316483.78
-30.775541750000002,121.4608674,,O'Connor Fresh IGA,supermarket,WA,"Item 133, Item 134",65%,2.84,Boulder Pharmacy,29068,29068,8,8,0.2,75576,0.0,False,,,1918488.0,1761941.6,156546.4,657500,0.2381,4.2,379668.59,1342941.6,-110726.39,-0.1684,-1391096.76,2494034.4,545692.73,0.83,2957884.04
-28.1880216,114.2511278,,General Store,supermarket,WA,Item 131,70%,41.36,Northampton Pharmacy,64,64,0,0,0.8,665,0.0,True,,,16896.0,335827.2,-318931.2,657500,-0.4851,999.0,-2770518.39,11827.2,-370293.7,-0.5632,-3110810.9,21964.8,-283473.02,-0.4311,-2535596.95
-17.9609888,122.2152497,,Broome IGA,supermarket,WA,Item 133,65%,1.72,Northpharm Broome Pharmacy,14660,14660,3,3,0.2,38116,0.0,False,,,967560.0,1001292.0,-33732.0,657500,-0.0513,999.0,-880984.99,677292.0,-240528.06,-0.3658,-2251073.21,1257828.0,173796.36,0.2643,493954.94
-31.8798974,115.8810388,,IGA,supermarket,WA,Item 133,65%,1.38,Noranda Feelgood Pharmacy,1592390,50000,42,157,0.2,130000,0.0,False,,,3300000.0,2729000.0,571000.0,657500,0.8684,1.15,3125552.59,2310000.0,-31400.0,-0.0478,-865534.77,4290000.0,1210200.0,1.8406,7360451.4
-22.8660358,117.8326301,,Clinic,gp,WA,Item 131,70%,19.47,Tom Price Guardian Pharmacy,100,100,0,0,0.8,1040,0.0,True,,,26400.0,342480.0,-316080.0,657500,-0.4807,999.0,-2751628.31,18480.0,-368996.4,-0.5612,-3102215.91,34320.0,-278901.6,-0.4242,-2505309.84
-33.4462674,116.3041447,,First Aid Muja Power Station,hospital,WA,Item 131,70%,16.95,Unknown Pharmacy,107,107,0,0,0.8,1112,0.0,True,,,28248.0,343773.6,-315525.6,657500,-0.4799,999.0,-2747955.23,19773.6,-368744.15,-0.5608,-3100544.67,36722.4,-278012.71,-0.4228,-2499420.68
-32.0281272,115.9503072,,Amart,shopping_centre,WA,Item 134,55%,0.36,Wizard Pharmacy Cannington,1208939,50000,31,91,0.2,130000,0.0,False,,,3300000.0,2729000.0,571000.0,657500,0.8684,1.15,3125552.59,2310000.0,-31400.0,-0.0478,-865534.77,4290000.0,1210200.0,1.8406,7360451.4
-33.3487531,115.6572878,,IGA Carey Park,supermarket,WA,Item 133,65%,1.36,Bunbury Forum Pharmacy,75196,50000,15,21,0.2,130000,0.0,False,,,3300000.0,2729000.0,571000.0,657500,0.8684,1.15,3125552.59,2310000.0,-31400.0,-0.0478,-865534.77,4290000.0,1210200.0,1.8406,7360451.4
-31.9558069,115.8041291,,Coles Local,supermarket,WA,Item 133,75%,1.01,Shenton Pharmacy,2007487,50000,43,154,0.2,130000,0.0,False,,,3300000.0,2729000.0,571000.0,657500,0.8684,1.15,3125552.59,2310000.0,-31400.0,-0.0478,-865534.77,4290000.0,1210200.0,1.8406,7360451.4
-32.0017228,115.8913581,,Tucker Fresh IGA Exchange,supermarket,WA,Item 133,65%,0.99,Pharmacy 777 Bentley,1934219,50000,37,156,0.2,130000,0.0,False,,,3300000.0,2729000.0,571000.0,657500,0.8684,1.15,3125552.59,2310000.0,-31400.0,-0.0478,-865534.77,4290000.0,1210200.0,1.8406,7360451.4
-30.7715323,121.4836934,,Lionel Street IGA,supermarket,WA,Item 133,65%,1.31,Boulder Pharmacy,29168,29168,7,8,0.2,75836,0.0,False,,,1925088.0,1766561.6,158526.4,657500,0.2411,4.15,392786.7,1347561.6,-109825.49,-0.167,-1385128.02,2502614.4,548867.33,0.8348,2978916.76
-34.8372469,116.0257786,,Windy Harbour Store,supermarket,WA,Item 131,70%,43.57,Pemberton Pharmacy,28,28,0,0,0.8,291,0.0,True,,,7392.0,329174.4,-321782.4,657500,-0.4894,999.0,-2789408.48,5174.4,-371590.99,-0.5652,-3119405.89,9609.6,-288044.45,-0.4381,-2565884.06
-32.0672687,115.8182739,,ALDI,supermarket,WA,"Item 133, Item 134",70%,0.23,TerryWhite Chemmart Kardinya,1042870,50000,31,93,0.2,130000,0.0,False,,,3300000.0,2729000.0,571000.0,657500,0.8684,1.15,3125552.59,2310000.0,-31400.0,-0.0478,-865534.77,4290000.0,1210200.0,1.8406,7360451.4
-30.7402503,121.4667222,,Hannans IGA,supermarket,WA,Item 133,65%,0.92,Guardian,29168,29168,7,8,0.2,75836,0.0,False,,,1925088.0,1766561.6,158526.4,657500,0.2411,4.15,392786.7,1347561.6,-109825.49,-0.167,-1385128.02,2502614.4,548867.33,0.8348,2978916.76
-32.0394312,115.9076519,,Coles,supermarket,WA,Item 133,75%,0.21,Wizard Pharmacy Riverton,1372931,50000,35,109,0.2,130000,0.0,False,,,3300000.0,2729000.0,571000.0,657500,0.8684,1.15,3125552.59,2310000.0,-31400.0,-0.0478,-865534.77,4290000.0,1210200.0,1.8406,7360451.4
-31.91019866666667,115.8875824,,IGA Bedford,supermarket,WA,"Item 133, Item 134",65%,0.61,Advantage Pharmacy Bedford,1961792,50000,51,169,0.2,130000,0.0,False,,,3300000.0,2729000.0,571000.0,657500,0.8684,1.15,3125552.59,2310000.0,-31400.0,-0.0478,-865534.77,4290000.0,1210200.0,1.8406,7360451.4
-28.7769984,114.62681156666667,,ALDI,supermarket,WA,"Item 133, Item 134",70%,0.87,Rangeway Amcal Pharmacy,32717,32717,9,11,0.2,85064,0.0,False,,,2159322.0,1930525.4,228796.6,657500,0.348,2.87,858348.64,1511525.4,-187102.55,-0.2846,-1897112.57,2807118.6,661533.88,1.0061,3725367.72
-31.8926,115.7949,,Westfield Innaloo,shopping_centre,WA,Item 132,85%,0.40,Morris Compounding Pharmacy,1503008,50000,35,149,0.2,130000,0.0,False,,,3300000.0,2729000.0,571000.0,657500,0.8684,1.15,3125552.59,2310000.0,-31400.0,-0.0478,-865534.77,4290000.0,1210200.0,1.8406,7360451.4
-32.0633283,115.9356064,,Tucker Fresh IGA,supermarket,WA,Item 133,65%,0.14,Pharmacy 777 Canning Vale,926997,50000,26,88,0.2,130000,0.0,False,,,3300000.0,2729000.0,571000.0,657500,0.8684,1.15,3125552.59,2310000.0,-31400.0,-0.0478,-865534.77,4290000.0,1210200.0,1.8406,7360451.4
-32.0218491,115.9366265,,Aldi,supermarket,WA,Item 133,70%,0.13,TerryWhite Chemmart Cannington,1382327,50000,35,107,0.2,130000,0.0,False,,,3300000.0,2729000.0,571000.0,657500,0.8684,1.15,3125552.59,2310000.0,-31400.0,-0.0478,-865534.77,4290000.0,1210200.0,1.8406,7360451.4
-32.0090841,115.9023283,,Bentley IGA,supermarket,WA,Item 133,65%,0.35,Pharmacy 777 Bentley,1780299,50000,40,154,0.2,130000,0.0,False,,,3300000.0,2729000.0,571000.0,657500,0.8684,1.15,3125552.59,2310000.0,-31400.0,-0.0478,-865534.77,4290000.0,1210200.0,1.8406,7360451.4
-35.0274061,117.8842006,,IGA,supermarket,WA,Item 133,65%,0.58,Amcal Max Albany,31128,31128,9,11,0.2,80932,0.0,False,,,2054448.0,1857113.6,197334.4,657500,0.3001,3.33,649901.77,1438113.6,-92167.85,-0.1402,-1268140.66,2670782.4,611089.49,0.9294,3391157.92
-31.9608795,115.8742833,,Foodie's IGA,supermarket,WA,Item 133,65%,0.38,Rosen's Pharmacy,196349,50000,60,184,0.2,130000,0.0,False,,,3300000.0,2729000.0,571000.0,657500,0.8684,1.15,3125552.59,2310000.0,-31400.0,-0.0478,-865534.77,4290000.0,1210200.0,1.8406,7360451.4
-31.9796298,115.7821082,,IGA,supermarket,WA,Item 133,65%,0.25,Claremont Chemist and News,1693074,50000,30,129,0.2,130000,0.0,False,,,3300000.0,2729000.0,571000.0,657500,0.8684,1.15,3125552.59,2310000.0,-31400.0,-0.0478,-865534.77,4290000.0,1210200.0,1.8406,7360451.4
-35.00505185,117.87438689999999,,IGA,supermarket,WA,"Item 133, Item 134",65%,0.46,Unknown Pharmacy,31128,31128,10,11,0.2,80932,0.0,False,,,2054448.0,1857113.6,197334.4,657500,0.3001,3.33,649901.77,1438113.6,-92167.85,-0.1402,-1268140.66,2670782.4,611089.49,0.9294,3391157.92
-20.7340825,116.8470448,,Woolworths,supermarket,WA,Item 133,75%,0.21,Pharmacy Help Karratha,17013,17013,3,3,0.2,44233,0.0,False,,,1122858.0,1110000.6,12857.4,657500,0.0196,51.14,-572315.73,786000.6,-219329.88,-0.3336,-2110628.69,1459715.4,248494.7,0.3779,988854.66
-28.7678,114.613,,Geraldton Medical Centre,medical_centre,WA,Item 136,70%,0.36,Optimal Pharmacy Plus Northgate,32717,32717,8,11,0.2,85064,6.4,False,,,2159322.0,1930525.4,228796.6,657500,0.348,2.87,858348.64,1511525.4,-187102.55,-0.2846,-1897112.57,2807118.6,661533.88,1.0061,3725367.72
-31.946305950000003,115.85905735,,Varsity,shopping_centre,WA,Item 134,55%,0.26,Chemist Warehouse,196349,50000,72,181,0.2,130000,0.0,False,,,3300000.0,2729000.0,571000.0,657500,0.8684,1.15,3125552.59,2310000.0,-31400.0,-0.0478,-865534.77,4290000.0,1210200.0,1.8406,7360451.4
-27.7037781,114.1683953,,IGA Kalbarri,supermarket,WA,Item 133,65%,0.95,Kalbarri Pharmacy,1270,1270,1,1,0.4,6604,0.0,False,,,167640.0,441348.0,-273708.0,657500,-0.4163,999.0,-2470900.63,117348.0,-349717.14,-0.5319,-2974484.82,217932.0,-210965.16,-0.3209,-2055209.8
-31.984866,115.9037543,,East Victoria Park IGA,supermarket,WA,Item 133,65%,0.20,Priceline Pharmacy,2019354,50000,39,163,0.2,130000,0.0,False,,,3300000.0,2729000.0,571000.0,657500,0.8684,1.15,3125552.59,2310000.0,-31400.0,-0.0478,-865534.77,4290000.0,1210200.0,1.8406,7360451.4
-31.657724950000002,116.67063835,,Coles,supermarket,WA,Item 133,75%,0.41,Northam Discount Drug Store,6679,6679,3,3,0.2,17365,0.0,False,,,440814.0,632569.8,-191755.8,657500,-0.2916,999.0,-1927941.81,308569.8,-312428.89,-0.4752,-2727438.56,573058.2,-79568.47,-0.121,-1184665.83
-33.3284172,115.6388095,,ALDI,supermarket,WA,Item 133,70%,0.16,Priceline Bunbury,75196,50000,14,21,0.2,130000,0.0,False,,,3300000.0,2729000.0,571000.0,657500,0.8684,1.15,3125552.59,2310000.0,-31400.0,-0.0478,-865534.77,4290000.0,1210200.0,1.8406,7360451.4
-28.7841291,114.6159578,,St John of God Geraldton Hospital,hospital,WA,Item 135,40%,0.19,Pharmacy 194,32717,32717,8,11,0.2,85064,0.0,False,,,2159322.0,1930525.4,228796.6,657500,0.348,2.87,858348.64,1511525.4,-187102.55,-0.2846,-1897112.57,2807118.6,661533.88,1.0061,3725367.72
-31.9290435,115.8918598,,IGA Maylands,supermarket,WA,Item 133,65%,0.14,Maylands Amcal Pharmacy,196349,50000,68,172,0.2,130000,0.0,False,,,3300000.0,2729000.0,571000.0,657500,0.8684,1.15,3125552.59,2310000.0,-31400.0,-0.0478,-865534.77,4290000.0,1210200.0,1.8406,7360451.4
-31.921053,115.83786,,IGA,supermarket,WA,Item 133,65%,0.13,Pharmacy 777 Mount Hawthorn,196349,50000,76,172,0.2,130000,0.0,False,,,3300000.0,2729000.0,571000.0,657500,0.8684,1.15,3125552.59,2310000.0,-31400.0,-0.0478,-865534.77,4290000.0,1210200.0,1.8406,7360451.4
-35.0182295,117.8814018,,ALDI,supermarket,WA,Item 133,70%,0.19,Albany Plaza Discount Drug Store,31128,31128,10,11,0.2,80932,0.0,False,,,2054448.0,1857113.6,197334.4,657500,0.3001,3.33,649901.77,1438113.6,-92167.85,-0.1402,-1268140.66,2670782.4,611089.49,0.9294,3391157.92
-30.3053241,115.0381341,,IGA Jurien Bay,supermarket,WA,Item 133,65%,0.40,Jurien Pharmacy,1600,1600,1,1,0.4,8320,0.0,False,,,211200.0,471840.0,-260640.0,657500,-0.3964,999.0,-2384321.06,147840.0,-343771.2,-0.5228,-2935091.12,274560.0,-190012.8,-0.289,-1916393.9
-31.9850501,115.9007256,,Coles,supermarket,WA,Item 133,75%,0.11,Park Centre Pharmacy,196349,50000,37,162,0.2,130000,0.0,False,,,3300000.0,2729000.0,571000.0,657500,0.8684,1.15,3125552.59,2310000.0,-31400.0,-0.0478,-865534.77,4290000.0,1210200.0,1.8406,7360451.4
-15.7724169,128.740091,,IGA Tuckerbox supermarket,supermarket,WA,Item 133,65%,0.23,Amcal+ Pharmacy Kununurra,4715,4715,2,2,0.3,18388,0.0,False,,,466785.0,650749.5,-183964.5,657500,-0.2798,999.0,-1876322.03,326749.5,-308883.85,-0.4698,-2703951.56,606820.5,-67076.42,-0.102,-1101902.11
-33.3576899,116.1524896,,Coles,supermarket,WA,Item 133,75%,0.18,TerryWhite Chemmart Collie,7184,7184,3,3,0.2,18678,0.0,False,,,474144.0,655900.8,-181756.8,657500,-0.2764,999.0,-1861695.33,331900.8,-307879.34,-0.4683,-2697296.41,616387.2,-63536.74,-0.0966,-1078450.64
-32.9324977,117.1770218,,Coles,supermarket,WA,Item 133,75%,0.25,The Narrogin Pharmacy,3745,3745,2,2,0.3,14605,0.0,False,,,370755.0,583528.5,-212773.5,657500,-0.3236,999.0,-2067190.61,259528.5,-321991.94,-0.4897,-2790796.76,481981.5,-113266.85,-0.1723,-1407928.08
-34.2421388,116.14423,,Coles,supermarket,WA,Item 133,75%,0.19,Pharmacy 777 Manjimup,4138,4138,2,2,0.3,16138,0.0,False,,,409662.0,610763.4,-201101.4,657500,-0.3059,999.0,-1989859.32,286763.4,-316681.14,-0.4816,-2755611.03,532560.6,-94552.58,-0.1438,-1283940.24
-34.959084399999995,117.35467940000001,,IGA Local Grocer,supermarket,WA,Item 133,65%,0.16,Denmark Pharmacy,2944,2944,1,1,0.4,15308,0.0,False,,,388608.0,596025.6,-207417.6,657500,-0.3155,999.0,-2031706.11,272025.6,-319555.01,-0.486,-2774651.32,505190.4,-104679.55,-0.1592,-1351034.59
-34.993574,117.8555655,,Coles,supermarket,WA,Item 133,75%,0.11,Orana Pharmacy Albany,31128,31128,10,11,0.2,80932,0.0,False,,,2054448.0,1857113.6,197334.4,657500,0.3001,3.33,649901.77,1438113.6,-92167.85,-0.1402,-1268140.66,2670782.4,611089.49,0.9294,3391157.92
-32.8434834,115.9212677,,Waroona IGA,supermarket,WA,Item 133,65%,0.13,Amcal Waroona Pharmacy,2633,2633,1,1,0.4,13691,0.0,False,,,347556.0,567289.2,-219733.2,657500,-0.3342,999.0,-2113300.79,243289.2,-325158.61,-0.4945,-2811776.9,451822.8,-124425.56,-0.1892,-1481858.06
-31.7667,116.0033,"Vines Avenue, The Vines, City of Swan, Western Australia, 6069, Australia",Ellenbrook Medical Centre,medical_centre,WA,Item 136,95%,1.62,TerryWhite Chemmart Brooklane,3177,3177,9,10,0.2,8260,8.0,False,,,262102.5,507471.75,-245369.25,657500,-0.3732,999.0,-2283147.6,183471.75,-336823.01,-0.5123,-2889057.19,340733.25,-165528.7,-0.2518,-1754179.1
-32.06906346666667,115.94994713333334,,Coles,supermarket,WA,"Item 130, Item 133, Item 134",75%,1.53,Pharmacy 777 Canning Vale,14574,14574,26,80,0.2,37892,0.0,False,,,961884.0,997318.8,-35434.8,657500,-0.0539,999.0,-892266.57,673318.8,-241302.83,-0.367,-2256206.33,1250449.2,171066.2,0.2602,475866.81
-32.1431,115.8499,"Mersey Close, Success, City of Cockburn, Western Australia, 6164, Australia",Success Medical Centre,medical_centre,WA,Item 136,95%,1.43,Priceline Pharmacy Gateways,9373,9373,16,47,0.2,24369,6.4,False,,,618618.0,757032.6,-138414.6,657500,-0.2105,999.0,-1574539.77,433032.6,-288158.64,-0.4383,-2566640.63,804203.4,5955.26,0.0091,-618044.56
-33.3106801,117.3436531,,Foodworks Wagin Co-Op,supermarket,WA,Item 133,55%,0.18,Wagin Pharmacy,1311,1311,1,1,0.4,6817,0.0,False,,,173052.0,445136.4,-272084.4,657500,-0.4138,999.0,-2460143.77,121136.4,-348978.4,-0.5308,-2969590.45,224967.6,-208361.99,-0.3169,-2037962.98
-31.5509306,116.4661064,,Toodyay IGA,supermarket,WA,Item 133,65%,0.22,Toodyay Pharmacy,953,953,1,1,0.4,4955,0.0,False,,,125796.0,412057.2,-286261.2,657500,-0.4354,999.0,-2554069.48,88057.2,-355428.85,-0.5406,-3012326.65,163534.8,-231092.12,-0.3515,-2188557.2
-31.781977,115.9741291,,Aldi,supermarket,WA,Item 133,70%,0.35,Zest Pharmacy Ellenbrook,17235,17235,9,15,0.2,44811,0.0,False,YES,WA Growth Area - Swan,1137510.0,1120257.0,17253.0,657500,0.0262,38.11,-543193.51,796257.0,-217329.88,-0.3305,-2097378.08,1478763.0,255542.31,0.3887,1035547.28
-31.3853352,116.0956328,,BindoonIGA,supermarket,WA,Item 133,65%,0.19,TerryWhite Chemmart Bindoon,1183,1183,1,1,0.4,6151,0.0,False,,,156156.0,433309.2,-277153.2,657500,-0.4215,999.0,-2493726.15,109309.2,-351284.71,-0.5343,-2984870.43,203002.8,-216488.96,-0.3293,-2091806.72
-32.62852825,115.8734611,,Coles,supermarket,WA,"Item 133, Item 134",75%,0.20,Pinjarra Pharmacy,3883,3883,2,5,0.3,15143,0.0,False,,,384417.0,593091.9,-208674.9,657500,-0.3174,999.0,-2040036.11,269091.9,-320127.08,-0.4869,-2778441.47,499742.1,-106695.42,-0.1623,-1364390.36
-31.5483389,115.640337,,Aldi,supermarket,WA,Item 133,70%,0.18,Pharmacy 777 Yanchep,6023,6023,4,7,0.2,15659,0.0,False,YES,WA Growth Area - Wanneroo,397518.0,602262.6,-204744.6,657500,-0.3114,999.0,-2013996.65,278262.6,-318338.79,-0.4842,-2766593.51,516773.4,-100393.84,-0.1527,-1322640.43
-31.6379084,115.6963244,,Aldi,supermarket,WA,Item 133,70%,0.30,Priceline Pharmacy Butler,9393,9393,10,17,0.2,24421,0.0,False,,,619938.0,757956.6,-138018.6,657500,-0.2099,999.0,-1571916.15,433956.6,-287978.46,-0.438,-2565446.88,805919.4,6590.18,0.01,-613838.02
-33.9766994,115.7649428,,Melo Velo,shopping_centre,WA,Item 134,55%,0.20,Nannup Pharmacy,538,538,1,1,0.4,2797,0.0,False,,,71016.0,373711.2,-302695.2,657500,-0.4604,999.0,-2662949.84,49711.2,-362906.32,-0.5519,-3061867.21,92320.8,-257441.3,-0.3915,-2363128.71
-31.6339442,117.7191303,,Kellerberrin Farmers Market IGA,supermarket,WA,Item 133,65%,0.13,Kellberrin Pharmacy,798,798,1,1,0.4,4149,0.0,False,,,105336.0,397735.2,-292399.2,657500,-0.4447,999.0,-2594735.64,73735.2,-358221.64,-0.5448,-3030829.75,136936.8,-240933.38,-0.3664,-2253758.6
-31.6496435,115.6973146,,Coles,supermarket,WA,Item 133,75%,0.18,Pharmacy 777 Jindalee,11403,11403,9,19,0.2,29647,0.0,False,,,752598.0,850818.6,-98220.6,657500,-0.1494,999.0,-1308242.02,526818.6,-269870.37,-0.4104,-2445475.16,978377.4,70399.64,0.1071,-191080.5
-32.1085892,116.9256631,,IGA Beverley,supermarket,WA,Item 133,65%,0.11,Beverley Pharmacy,869,869,1,1,0.4,4518,0.0,False,,,114708.0,404295.6,-289587.6,657500,-0.4404,999.0,-2576107.92,80295.6,-356942.36,-0.5429,-3022354.14,149120.4,-236425.45,-0.3596,-2223892.15
-33.9492028,120.1266513,,Hopetoun IGA,supermarket,WA,Item 133,65%,0.12,Hopetoun Beachfront Chemist,783,783,1,1,0.4,4071,0.0,False,,,103356.0,396349.2,-292993.2,657500,-0.4456,999.0,-2598671.08,72349.2,-358491.91,-0.5452,-3032620.38,134362.8,-241885.76,-0.3679,-2260068.42
-31.7505,115.809,"Dundebar Road, Wanneroo, City of Wanneroo, Western Australia, 6065, Australia",Wanneroo Medical Centre,medical_centre,WA,Item 136,95%,0.40,Priceline Pharmacy Wanneroo,11945,11945,28,65,0.2,31057,8.0,False,,,985462.5,1013823.75,-28361.25,657500,-0.0431,999.0,-845402.1,689823.75,-238084.37,-0.3621,-2234882.99,1281101.25,182407.46,0.2774,551006.17
-28.3489688,114.6311376,,IGA,supermarket,WA,Item 133,65%,0.10,Northampton Pharmacy,821,821,1,1,0.4,4269,0.0,False,,,108372.0,399860.4,-291488.4,657500,-0.4433,999.0,-2588701.31,75860.4,-357807.22,-0.5442,-3028084.13,140883.6,-239473.07,-0.3642,-2244083.56
-32.0675248,115.7527241,,Milan Indian Restaurant,shopping_centre,WA,Item 134,55%,0.56,Banovich Pharmacy South Fremantle,6166,6166,20,62,0.2,16031,0.0,False,,,406956.0,608869.2,-201913.2,657500,-0.3071,999.0,-1995237.75,284869.2,-317050.51,-0.4822,-2758058.21,529042.8,-95854.16,-0.1458,-1292563.65
-31.8492593,115.9678256,,Woolworths,supermarket,WA,"Item 130, Item 133",80%,2.05,Caversham 7 Day Pharmacy,1951,1951,5,62,0.2,5072,0.0,False,,,128766.0,414136.2,-285370.2,657500,-0.434,999.0,-2548166.33,90136.2,-355023.44,-0.54,-3009640.72,167395.8,-229663.55,-0.3493,-2179092.47
-32.4086272,115.7592699,,ALDI,supermarket,WA,Item 133,70%,0.16,Priceline Pharmacy Secret Harbour,7867,7867,5,15,0.2,20454,0.0,False,,,519222.0,687455.4,-168233.4,657500,-0.2559,999.0,-1772098.6,363455.4,-301726.2,-0.4589,-2656529.9,674988.6,-41854.22,-0.0637,-934797.21
-29.2107496,116.0089803,,Morawa IGA,supermarket,WA,Item 133,65%,0.13,Morawa Pharmacy,443,443,1,1,0.4,2303,0.0,False,,,58476.0,364933.2,-306457.2,657500,-0.4661,999.0,-2687874.26,40933.2,-364618.03,-0.5546,-3073207.83,76018.8,-263473.04,-0.4007,-2403090.86
-33.936115,118.0066964,,IGA Gnowangerup,supermarket,WA,Item 133,65%,0.10,Gnowangerup Pharmacy,568,568,1,1,0.4,2953,0.0,False,,,74976.0,376483.2,-301507.2,657500,-0.4586,999.0,-2655078.97,52483.2,-362365.78,-0.5511,-3058285.97,97468.8,-255536.54,-0.3886,-2350509.08
-31.7795159,115.7450518,,IGA Mullaloo,supermarket,WA,Item 133,65%,1.03,Beldon Amcal Chemist,3089,3089,25,67,0.2,8031,0.0,False,,,203874.0,466711.8,-262837.8,657500,-0.3998,999.0,-2398882.17,142711.8,-344771.2,-0.5244,-2941716.42,265036.2,-193536.61,-0.2944,-1939740.21
-31.2321186,119.3283702,,Southern Cross Foodworks,supermarket,WA,Item 133,55%,0.10,Southern Cross Pharmacy,523,523,1,1,0.4,2719,0.0,False,,,69036.0,372325.2,-303289.2,657500,-0.4613,999.0,-2666885.28,48325.2,-363176.59,-0.5524,-3063657.84,89746.8,-258393.68,-0.393,-2369438.52
-31.7413395,115.7410722,,ALDI,supermarket,WA,Item 133,70%,0.22,Currambine Pharmacy & Gifts,10754,10754,24,54,0.2,27960,0.0,False,,,709764.0,820834.8,-111070.8,657500,-0.1689,999.0,-1393378.6,496834.8,-275717.21,-0.4193,-2484212.3,922693.2,49796.48,0.0757,-327582.81
-31.8692377,116.0349755,,Stratton Supa IGA,supermarket,WA,Item 133,65%,1.81,TerryWhite Chemmart Midvale,1040,1040,17,34,0.2,2704,0.0,False,,,68640.0,372048.0,-303408.0,657500,-0.4615,999.0,-2667672.37,48048.0,-363230.64,-0.5524,-3064015.96,89232.0,-258584.16,-0.3933,-2370700.48
-32.5321688,115.7330288,,ALDI,supermarket,WA,Item 133,70%,0.42,TerryWhite Chemmart Mandurah,2276,2276,17,26,0.2,5917,0.0,False,,,150216.0,429151.2,-278935.2,657500,-0.4242,999.0,-2505532.45,105151.2,-352095.52,-0.5355,-2990242.3,195280.8,-219346.1,-0.3336,-2110736.16
-31.7050781,115.8014225,,Aldi,supermarket,WA,Item 133,70%,0.12,TerryWhite Chemmart Banksia Grove,13308,13308,9,45,0.2,34600,0.0,False,,,878328.0,938829.6,-60501.6,657500,-0.092,999.0,-1058341.92,614829.6,-252708.23,-0.3843,-2331770.61,1141826.4,130875.77,0.1991,209592.67
-32.2437781,115.8157836,,ALDI,supermarket,WA,Item 133,70%,0.10,Chisham Express Pharmacy,9279,9279,7,29,0.2,24125,0.0,False,,,612414.0,752689.8,-140275.8,657500,-0.2133,999.0,-1586870.8,428689.8,-289005.49,-0.4396,-2572251.25,796138.2,2971.13,0.0045,-637815.31
-32.1316827,116.0011742,,Coles,supermarket,WA,Item 133,75%,0.19,Champion Drive-In Pharmacy,6742,6742,12,41,0.2,17529,0.0,False,,,444972.0,635480.4,-190508.4,657500,-0.2897,999.0,-1919677.4,311480.4,-311861.32,-0.4743,-2723678.25,578463.6,-77568.47,-0.118,-1171415.23
-33.9404575,118.91964,,Jerramungup IGA,supermarket,WA,Item 133,65%,0.14,Jerramungup Pharmacy Amcal,265,265,1,1,0.4,1378,0.0,False,,,34980.0,348486.0,-313506.0,657500,-0.4768,999.0,-2734574.76,24486.0,-367825.23,-0.5594,-3094456.55,45474.0,-274774.62,-0.4179,-2477967.32
-32.0963532,115.7846333,,ALDI,supermarket,WA,Item 133,70%,0.11,Phoenix Centre Pharmacy,12599,12599,18,66,0.2,32757,0.0,False,,,831534.0,906073.8,-74539.8,657500,-0.1134,999.0,-1151349.36,582073.8,-259095.61,-0.3941,-2374088.99,1080994.2,108367.85,0.1648,60470.74
-31.9735375,116.0582256,,ALDI,supermarket,WA,Item 133,70%,0.15,Priceline Pharmacy Kalamunda,6603,6603,11,29,0.2,17167,0.0,False,,,435798.0,629058.6,-193260.6,657500,-0.2939,999.0,-1937911.58,305058.6,-313113.57,-0.4762,-2731974.81,566537.4,-81981.16,-0.1247,-1200650.7
-32.1326544,115.8575436,,Aldi,supermarket,WA,Item 133,70%,0.18,Priceline Pharmacy Gateways,5518,5518,18,51,0.2,14346,0.0,False,,,364188.0,578931.6,-214743.6,657500,-0.3266,999.0,-2080243.14,254931.6,-322888.34,-0.4911,-2796735.66,473444.4,-116425.57,-0.1771,-1428855.63
-32.1525298,116.0157135,,Coles,supermarket,WA,Item 133,75%,0.12,TerryWhite Chemmart Armadale,3202,3202,11,30,0.2,8325,0.0,False,,,211332.0,471932.4,-260600.4,657500,-0.3964,999.0,-2384058.7,147932.4,-343753.18,-0.5228,-2934971.74,274731.6,-189949.31,-0.2889,-1915973.24
-31.8342027,115.7846714,,Glengarry Private Hospital,hospital,WA,Item 135,40%,0.05,Pharmacy 777 Glengarry,12051,12051,29,92,0.2,31332,0.0,False,,,795366.0,880756.2,-85390.2,657500,-0.1299,999.0,-1223236.63,556756.2,-264032.54,-0.4016,-2406797.7,1033975.8,90971.05,0.1384,-54788.53
-32.1266356,115.9268333,,ALDI,supermarket,WA,Item 133,70%,0.11,Priceline Pharmacy Harrisdale,6481,6481,11,65,0.2,16850,0.0,False,YES,WA Growth Area - Armadale,427746.0,623422.2,-195676.2,657500,-0.2976,999.0,-1953915.68,299422.2,-314212.67,-0.4779,-2739256.67,556069.8,-85854.17,-0.1306,-1226310.61
-31.7442395,115.7665936,,Coles,supermarket,WA,Item 133,75%,0.10,Wizard Pharmacy Joondalup Upper Level,4570,4570,34,59,0.2,11882,0.0,False,,,301620.0,535134.0,-233514.0,657500,-0.3552,999.0,-2204602.88,211134.0,-331428.87,-0.5041,-2853319.34,392106.0,-146520.78,-0.2228,-1628245.74
-31.8843,116.0098,"Charles Street, Midland, City of Swan, Western Australia, 6056, Australia",Midland Medical Centre,medical_centre,WA,Item 136,95%,0.37,North Street Pharmacy,1114,1114,19,47,0.2,2896,8.0,False,,,91905.0,388333.5,-296428.5,657500,-0.4508,999.0,-2621431.01,64333.5,-360054.97,-0.5476,-3042976.14,119476.5,-247393.7,-0.3763,-2296560.17
-31.8890555,116.0122292,,Coles,supermarket,WA,Item 133,75%,0.15,Chemist Warehouse Midland Gate,1188,1188,20,46,0.2,3088,0.0,False,,,78408.0,378885.6,-300477.6,657500,-0.457,999.0,-2648257.55,54885.6,-361897.31,-0.5504,-3055182.22,101930.4,-253885.75,-0.3861,-2339572.07
-32.1264971,115.7984639,,ALDI,supermarket,WA,Item 133,70%,0.20,Beeliar Soul Pattinson Chemist,69,69,10,51,0.2,179,0.0,False,,,4554.0,327187.8,-322633.8,657500,-0.4907,999.0,-2795049.27,3187.8,-371978.38,-0.5657,-3121972.45,5920.2,-289409.53,-0.4402,-2574928.12
-32.5262,115.7468,"Mandurah Station Stand 4, Mandurah Road, Greenfields, Mandurah, City of Mandurah, Western Australia, 6210, Australia",Mandurah Medical Centre,medical_centre,WA,Item 136,95%,0.77,Pharmacy 777 Greenfields,3932,3932,16,26,0.2,10223,8.0,False,,,324390.0,551073.0,-226683.0,657500,-0.3448,999.0,-2159345.38,227073.0,-328320.76,-0.4993,-2832727.18,421707.0,-135568.41,-0.2062,-1555682.88
-32.3262,115.7837,"Safety Bay Road PSP, Warnbro, City of Rockingham, Western Australia, 6169, Australia",Baldivis Medical Centre,medical_centre,WA,Item 136,95%,1.80,Blooms The Chemist Baldivis (Woolworths/Aldi entry),6696,6696,16,35,0.2,17409,7.2,False,,,441936.0,633355.2,-191419.2,657500,-0.2911,999.0,-1925711.74,309355.2,-312275.74,-0.4749,-2726423.87,574516.8,-79028.78,-0.1202,-1181090.27
-31.769039,115.8195949,,Woolworths,supermarket,WA,Item 133,75%,0.10,Superchem Hocking,12067,12067,14,73,0.2,31374,0.0,False,,,796422.0,881495.4,-85073.4,657500,-0.1294,999.0,-1221137.73,557495.4,-263888.4,-0.4014,-2405842.7,1035348.6,91478.98,0.1391,-51423.29
-32.0908259,115.9426114,,Aldi,supermarket,WA,Item 133,70%,0.17,Priceline Pharmacy Canning Vale,8690,8690,15,82,0.2,22594,0.0,False,,,573540.0,725478.0,-151938.0,657500,-0.2311,999.0,-1664136.51,401478.0,-294311.79,-0.4476,-2607407.15,745602.0,-15727.26,-0.0239,-761697.99
-32.2879689,115.7427645,,ALDI,supermarket,WA,Item 133,70%,0.19,Chemist Warehouse Rockingham - Robinson Road,1848,1848,17,34,0.2,4804,0.0,False,,,121968.0,409377.6,-287409.6,657500,-0.4371,999.0,-2561677.99,85377.6,-355951.37,-0.5414,-3015788.52,158558.4,-232933.39,-0.3543,-2200756.17
-32.0893407,115.9874444,,Foodworks,supermarket,WA,Item 133,55%,1.02,Corfield Street Family Chemist,8690,8690,20,56,0.2,22594,0.0,False,,,573540.0,725478.0,-151938.0,657500,-0.2311,999.0,-1664136.51,401478.0,-294311.79,-0.4476,-2607407.15,745602.0,-15727.26,-0.0239,-761697.99
-32.0675568,115.9979326,,Gosnells Railway Markets,shopping_centre,WA,Item 134,55%,0.31,Chemist Warehouse,8690,8690,15,61,0.2,22594,0.0,False,,,573540.0,725478.0,-151938.0,657500,-0.2311,999.0,-1664136.51,401478.0,-294311.79,-0.4476,-2607407.15,745602.0,-15727.26,-0.0239,-761697.99
-32.1085447,115.9390621,,Sista Fitness,shopping_centre,WA,Item 134,55%,0.27,Greg's Discount Chemist - Southern River,9116,9116,14,76,0.2,23701,0.0,False,YES,WA Growth Area - Armadale,601656.0,745159.2,-143503.2,657500,-0.2183,999.0,-1608253.33,421159.2,-290473.96,-0.4418,-2581980.3,782152.8,-2203.46,-0.0034,-672098.63
